id,topic,language,script,used_at
1,Why does nobody help in an emergency when a crowd is watching?,en,"The more people who witness someone in trouble, the less likely any one of them actually helps. It's called the bystander effect, everyone assumes someone else will act, so responsibility quietly disappears into the crowd. Being surrounded by people can make you less safe, not more. If you're ever in danger in public, psychologists say pick one specific person and ask them directly, it breaks the diffusion instantly.",2026-08-18T14:59:26+00:00
2,Why do you trust a product more after reading five star reviews from strangers?,en,"You've never met these reviewers, yet their star ratings shape your decision more than your own judgment. That's social proof, when we're uncertain, we copy the behavior of others as a shortcut for what's correct or safe. It's efficient, but it also means confident sounding crowds can be wrong together. Next time reviews sway you completely, ask if you'd still choose this without seeing what anyone else thought.",2026-08-18T14:59:59+00:00
3,Why does a free sample make you feel obligated to buy something?,en,"That free sample at the store isn't generosity, it's a psychological trigger. Reciprocity is a deep social rule, when someone gives us something, we feel an almost automatic pull to give back, even if we never asked for the gift. Salespeople know this, which is why free trials and small gifts come before every pitch. Next time you feel obligated after receiving something small, remember the obligation was never actually real.",2026-08-18T15:02:22+00:00
4,Why does someone spilling coffee on themselves make you like them more?,en,"A small clumsy mistake, like knocking over a coffee cup, can make an impressive person seem more likeable, not less. It's the pratfall effect, flawless competence can feel intimidating and distant, while a minor slip makes someone feel human and approachable. Perfection pushes people away more often than it draws them in. Next time you're trying to seem impressive, remember one small imperfection might actually help.",2026-08-18T15:04:03+00:00
6,"Why do you insist your bad decision was actually the right one, after the fact?",en,"You made a choice that clearly backfired, yet somehow you still defend it as the smart move. That's choice supportive bias, once we commit to a decision, our memory quietly edits itself to make that choice look better than it really was. It protects your ego, but it also blocks you from learning. Next time a past decision goes wrong, describe it as a stranger would, not as the person who made it.",2026-08-18T15:06:53+00:00
8,"Why do you think everyone noticed that thing you said wrong, when nobody did?",en,"You replay one awkward sentence for hours, convinced everyone caught it, but most people didn't even notice. That's the spotlight effect, we massively overestimate how much attention others pay to our mistakes, because we're the center of our own world, not theirs. Everyone else is too busy starring in their own story. Next time embarrassment spirals, remind yourself the spotlight you feel is mostly imaginary.",2026-08-18T15:33:00+00:00
10,Why do you feel more afraid of judgment from strangers than from close friends?,en,"A stranger's opinion can sting more than a close friend's honest feedback, even though the friend knows you far better. Strangers represent an unknown, unpredictable audience, and your brain treats unpredictability as a bigger threat than familiar criticism it already knows how to handle. Next time a stranger's judgment feels unbearable, remind yourself their opinion carries less real information about you than someone who knows you.",2026-08-18T15:46:33+00:00
11,Why does having more options make you less happy with your choice?,en,"Ten flavors of jam sound better than two, but studies show more choice makes people less satisfied, not more. It's the paradox of choice, too many options increase the fear of picking wrong, so even a good choice feels regretful. Your brain spends more energy comparing than enjoying. Next time you're stuck overthinking options, pick the first genuinely good one and stop there on purpose.",2026-08-19T13:00:52+00:00
12,Why does agreeing to one small favor make you say yes to a much bigger one?,en,"Say yes to a tiny request, and you become far more likely to agree to a much bigger one later. It's called foot in the door, once you act consistently with a small commitment, your brain wants to stay consistent with the identity that created. Charities and salespeople start small on purpose. Next time a small ask feels harmless, notice it, it may be the first step of something larger.",2026-08-20T13:00:50+00:00
13,Why does a countdown timer make you buy things you don't even need?,en,"A ticking clock on a sale can override your better judgment in seconds. That's scarcity, when something feels limited, your brain treats it as automatically more valuable, regardless of its actual worth. This is a survival shortcut, scarce resources once meant real danger if missed. Marketers manufacture fake deadlines because this trigger works. Next time urgency pushes a fast decision, ask if the item changed, or just the clock.",2026-08-21T13:32:06+00:00
15,Why do you keep watching a bad movie just because you already paid for it?,en,"You hate the movie, but you paid for the ticket, so you stay anyway. That's the sunk cost fallacy, treating money or time already spent as a reason to continue, even when continuing makes things worse. Your brain hates admitting a past decision was wasted, so it throws good time after bad money. Next time you're stuck finishing something painful, ask what you'd choose if you hadn't already invested anything.",2026-08-22T05:08:13+00:00
16,Why do you value something more the moment it becomes yours?,en,"The mug you own suddenly feels worth more than the identical mug on the store shelf. That's the endowment effect, ownership itself inflates perceived value, which is why selling something always feels harder than buying the same item would. Your brain treats losing what you have as worse than never having it. Next time you're overpricing something you own, ask what a stranger would actually pay for it.",2026-08-22T05:12:03+00:00
18,Why does losing twenty dollars hurt more than finding twenty dollars feels good?,en,"Losing money stings roughly twice as much as gaining the same amount feels good. That's loss aversion, your brain treats losses as far more significant than equivalent gains, a survival trait from when losing resources could mean starving. This is why people hold bad investments too long, afraid to lock in the loss. Next time fear of losing drives a decision, ask what you'd choose if the fear wasn't there.",
20,"Why do we trust the first number we hear, even when it's random?",en,"Ever notice how the first price you see changes what feels fair for everything after? That's the anchoring effect. Your brain doesn't judge numbers in isolation, it compares them to whatever it saw first, even if that number was random. Retailers exploit this by showing a high original price next to a sale price. Next time a number feels like a deal, ask what you'd think of it with no anchor at all.",
22,Why do you remember the worst moment of a trip more than the best one?,en,"A vacation full of good days can be ruined in memory by one bad hour, and a rough trip can be saved by one perfect ending. It's the peak end rule, we don't remember experiences as an average, we remember the most intense moment and the very last one. This is why endings matter more than we think. Next time you're planning something, protect the final moments, they'll define the whole memory.",
23,"Why do plane crashes feel more dangerous than car crashes, when cars kill far more people?",en,"Statistically, driving is far riskier than flying, yet plane crashes feel scarier to almost everyone. That's the availability heuristic, your brain judges risk by how easily an example comes to mind, not by actual data, and dramatic crash coverage sticks in memory far more than routine accidents. Vivid stories always beat boring statistics. Next time fear feels certain, ask if it's based on data, or just a memorable story.",
24,Why does an unfinished task stay stuck in your head all day?,en,"That email you never sent keeps popping into your mind for no reason. Psychologists call it the Zeigarnik effect, your brain holds onto unfinished tasks as open threads, using mental energy to keep tracking them. Finishing, or even just writing the task down, tells your brain the loop is closed. Next time something nags at you, don't think harder, just write it down and watch the tension drop.",
27,"Why does a mediocre option suddenly look great, right after you saw a worse one?",en,"Show someone a bad option first, and the mediocre one right after suddenly looks impressive. That's the contrast effect, we judge things relative to whatever we compared them to last, not on their own merit. Salespeople show an overpriced item first on purpose, just to make the next one look reasonable. Next time something feels like a good deal, ask what price you saw right before it.",
28,"Why do attractive people seem more trustworthy, even with zero evidence?",en,"We assume good looking people are also smarter, kinder, and more competent, with no evidence at all. It's called the halo effect, one positive trait, like attractiveness, bleeds into how we judge everything else about a person. This is why taller candidates win more elections and well dressed people get hired faster. Next time you instantly trust or distrust someone, ask if it's their character, or just one trait doing the talking.",
29,Why do you feel closer to a stranger after they share one small secret?,en,"One small, slightly vulnerable secret from a stranger can make you feel unusually close to them within minutes. It's called self disclosure, sharing personal information signals trust, and your brain reciprocates that trust automatically, often before you've verified if it's warranted. This is used deliberately in both friendships and manipulation. Next time closeness appears fast, ask if it was earned, or just triggered.",
30,Why do you like a song more the fifth time you hear it?,en,"The first time a song plays you might skip it, by the fifth time you're humming along. That's the mere exposure effect, familiarity itself creates liking, separate from actual quality. Your brain treats anything repeated as safer, and safety feels like preference. Advertisers repeat jingles for exactly this reason. Next time you're sure you love something, ask how much is quality, and how much is just repetition.",
32,Why are the least competent people often the most confident?,en,"The people who know the least about a topic are frequently the most certain they're right. It's the Dunning Kruger effect, a small amount of knowledge can hide how much you don't know, while real expertise reveals how complex a topic actually is. Confidence and competence often move in opposite directions early on. Next time someone seems suspiciously certain, ask how deep their actual knowledge really goes.",
33,Why do you feel luckier picking your own lottery numbers than random ones?,en,"Choosing your own numbers doesn't improve your odds at all, yet it feels like it should. That's the illusion of control, we overestimate our influence over outcomes that are actually random, especially when we're personally involved in the process. It's comforting, but it's not real control. Next time you feel in charge of a chance outcome, separate the feeling of control from the actual odds.",
34,Why do you love the furniture you built more than furniture you bought?,en,"You'll defend a wobbly shelf you assembled yourself more fiercely than a perfect one you bought ready made. It's called the IKEA effect, effort makes things feel more valuable, even when the effort added no real quality. Your brain confuses labor with worth. This is why companies let you customize products, even a little input makes you attached. Next time you overvalue something, ask if you're rating the result, or just the work you put in.",
35,Why do you only remember the news that agrees with what you already believe?,en,"You scroll past ten articles and somehow only remember the one that confirms what you already thought. That's confirmation bias, your brain quietly filters information to protect existing beliefs, not to find the truth. It feels open minded, but you're mostly reinforcing yourself. Next time you feel very sure about something, deliberately look for the strongest argument against it, and see if your certainty survives.",
